Review,Relevant,id,embedding,cluster
"It doesn't allow you to use the prediction features on text fields that already have it.
",1,100,"[0.031096024438738823, -0.2682487368583679, -0.056548506021499634, -0.15377286076545715, 0.11044618487358093, 0.22898191213607788, 0.065311960875988, 0.04277971759438515, 0.002247969852760434, -0.20642811059951782, 0.014016903005540371, -0.06047475337982178, 0.19890138506889343, 0.03761475905776024, -0.012873022817075253, -0.027966732159256935, 0.04327559471130371, -0.005894091911613941, 0.009650260210037231, -0.0011051540495827794, 0.035432349890470505, 0.019083239138126373, 0.04430696368217468, 0.003418261418119073, -0.05364249646663666, 0.017171386629343033, 0.07608524709939957, 0.038384705781936646, -0.07147647440433502, 0.004598110914230347, -0.04470974951982498, 0.024321166798472404, 0.015436367131769657, -0.04553964361548424, 0.009762250818312168, 0.01029682345688343, 0.022488534450531006, -0.0750122219324112, -0.023640908300876617, 0.048919159919023514, -0.0010377909056842327, -0.011073061265051365, 0.07967710494995117, -0.025776680558919907, -0.00013259857951197773, -0.043962512165308, -0.012903988361358643, -0.008847908116877079, 0.0012231580913066864, 0.02876501902937889, 0.008273123763501644, -0.010063549503684044, -0.029176712036132812, 0.04147794097661972, -0.012174039147794247, 0.01813521981239319, -0.021072695031762123, 0.0004360006714705378, 0.03786828741431236, -0.009715170599520206, -0.020870763808488846, -0.0014932835474610329, 0.022429486736655235, -0.010298160836100578, -0.01856621354818344, 0.006439365912228823, 0.016755789518356323, -0.04304615035653114, -0.04218580573797226, 0.04042104631662369, -0.018819885328412056, 0.004682521335780621, 0.018457233905792236, 0.025102347135543823, -0.006441191304475069, -0.007776390761137009, 0.028853613883256912, -0.024244684725999832, 0.013506310991942883, 0.042362429201602936, -0.014655266888439655, -0.03501457720994949, 0.03356825187802315, -0.0061149802058935165, -0.03896758705377579, 0.019159505143761635, 0.013374240137636662, 0.006104803178459406, 0.013217834755778313, 0.00557703198865056, 0.003956239204853773, 0.049650512635707855, 0.0027266950346529484, -0.001316108857281506, -0.040254298597574234, -0.0003289196756668389, 1.0273165571561549e-06, 0.005495462566614151, 0.017001338303089142, -0.028076764196157455]",6
"I want to turn predictions completely OFF, but can't?
",1,133,"[0.18424397706985474, -0.16729678213596344, -0.25729766488075256, -0.13516703248023987, 0.046551771461963654, 0.3315116763114929, -0.021026749163866043, -0.06465233862400055, 0.10069971531629562, -0.09304890781641006, 0.10790252685546875, -0.04644569754600525, -0.02566356398165226, 0.041859276592731476, 0.11481916159391403, -0.11593323945999146, 0.10627073794603348, 0.10876666754484177, 0.06056452542543411, 0.034362826496362686, 0.13410648703575134, 0.04610583558678627, -0.057569075375795364, 0.057605210691690445, 0.033942706882953644, 0.029911497607827187, 0.06922502815723419, 0.012727096676826477, -0.0660240426659584, 0.06565120816230774, -0.053287722170352936, -0.01709238439798355, 0.04880816861987114, 0.09825056791305542, 0.0028071370907127857, 0.08932927250862122, -0.058279212564229965, -0.0036108444910496473, -0.025525225326418877, 0.009134341962635517, -0.027387138456106186, 0.05449580401182175, 0.03229722008109093, -0.04320669546723366, 0.06543515622615814, -0.08581631630659103, -0.0016102480003610253, -0.03149616718292236, -0.011479556560516357, -0.021685441955924034, 0.028575701639056206, 0.020115114748477936, 0.0319712795317173, 0.036726173013448715, 0.037239912897348404, -0.05349598824977875, 0.03918854892253876, -0.022396953776478767, -0.06676468998193741, 0.019130341708660126, -0.029363425448536873, 0.00964021310210228, 0.014869856648147106, -0.011493438854813576, -0.023368189111351967, 0.05379641801118851, 0.007311783730983734, 0.0176159106194973, -0.07848764210939407, 0.023978764191269875, 0.004987242165952921, -0.011177335865795612, -0.033450428396463394, 0.011944429017603397, 0.028456049039959908, 0.015543361194431782, -0.009859385900199413, -0.046791922301054, -0.02835848554968834, -0.008303181268274784, 0.01651611551642418, 0.0030511971563100815, 0.013052491471171379, -0.02169589139521122, -0.013161785900592804, -0.041408833116292953, -0.013518729247152805, 0.0008279548492282629, -0.035609517246484756, 0.0288169477134943, -0.022801149636507034, -0.026558460667729378, 0.017911124974489212, -0.0014001969248056412, 0.007992718368768692, -0.001015269779600203, 0.03232291713356972, 0.014907854609191418, 0.003932069521397352, 0.014633622020483017]",6
"Now, occasionally the text predictions won't come up AT ALL and it seems like words are being put in that I NEVER was attempting to write.
",1,157,"[0.2305232435464859, -0.229532852768898, -0.18888261914253235, -0.1853712797164917, -0.031210461631417274, 0.35469743609428406, -0.04230814427137375, -0.08414143323898315, -0.027448436245322227, -0.0039050981868058443, 0.17556969821453094, -0.050198234617710114, -0.04904234781861305, -0.048877470195293427, 0.016205191612243652, 0.02280235104262829, 0.039267558604478836, -0.08352363109588623, 0.037879496812820435, 0.04192010313272476, 0.029612239450216293, 0.019845392554998398, 0.043573811650276184, -0.04880040884017944, 0.08099272102117538, -0.039730943739414215, 0.001995612634345889, -0.068562813103199, -0.029937321320176125, -0.04145371541380882, -0.06462393701076508, -0.02549387700855732, 0.04339411109685898, -0.015864092856645584, 0.026319606229662895, -0.03891598433256149, -0.0008332252618856728, 0.020014949142932892, -0.08713236451148987, -0.03823697194457054, -0.05003289505839348, 0.0183209590613842, -0.021402280777692795, -0.040648266673088074, 0.01373539213091135, -0.02880028262734413, 0.0028880713507533073, -0.050507284700870514, 0.001332690822891891, 0.028915036469697952, -0.030256196856498718, 0.0329866036772728, 0.026321610435843468, -0.03473982587456703, 0.03903299570083618, 0.03711273893713951, 0.0022227030713111162, -0.02448296919465065, 0.014416963793337345, -0.012147875502705574, 0.03548154607415199, -0.024884900078177452, -0.04031088575720787, -0.041663266718387604, 0.0057074036449193954, 0.03369558975100517, -0.027622094377875328, 0.0037212097086012363, -0.006303613074123859, -0.03489354997873306, 0.004082528408616781, -0.01836201921105385, -0.013443824835121632, 0.014200285077095032, -0.009079155512154102, 0.0002800811198540032, -0.023616347461938858, 0.00139844068326056, -0.030741071328520775, -0.016601664945483208, -0.030060146003961563, 0.01749003492295742, 0.031717244535684586, -0.03388535976409912, 0.021168380975723267, 0.004057832527905703, -0.0076488615013659, -0.015920747071504593, -0.016907010227441788, 0.024928903207182884, -0.020871024578809738, 0.0037619604263454676, -0.03618873655796051, 0.04979969188570976, 0.0313267819583416, 0.010688234120607376, -0.020549459382891655, 0.01032059546560049, -0.01563097909092903, -0.001472853939048946]",6
"Prediction does not work anymore.
",1,176,"[0.20275148749351501, -0.2532585859298706, -0.19500301778316498, -0.1412762552499771, -0.1141023188829422, 0.5886773467063904, -0.019285783171653748, 0.030656062066555023, 0.026029380038380623, -0.04667920991778374, -0.02443373203277588, -0.039783962070941925, 0.046524446457624435, 0.08111220598220825, 0.08324171602725983, 0.012776164337992668, 0.09050018340349197, -0.06576260179281235, 0.004357572644948959, 0.06007371470332146, 0.09729228168725967, -0.0054174973629415035, -0.04883618652820587, -0.031220663338899612, -0.004004084039479494, -0.02514677867293358, -0.026239575818181038, -0.007956556044518948, -0.10514259338378906, 0.026010341942310333, -0.05454825609922409, 0.004161485005170107, 0.059040617197752, -0.020733371376991272, 0.008689642883837223, 0.026716871187090874, 0.021732240915298462, 0.03637641668319702, 0.018744606524705887, -0.023994654417037964, 0.013535530306398869, 0.0313551239669323, -0.0279755350202322, 0.015081662684679031, -0.029034312814474106, 0.03347654268145561, 0.003396387677639723, 0.008373364806175232, 0.013465922325849533, 0.0033511125948280096, -0.024877749383449554, -0.03611111268401146, 0.04052439332008362, -0.0004703415324911475, -0.0660826563835144, 0.0033740156795829535, 0.01395780872553587, 0.06904003769159317, 0.061066292226314545, 0.05910966917872429, -0.03164837136864662, 0.01228585559874773, 0.016771670430898666, -0.010091775096952915, 0.03734135627746582, 0.0007273940136656165, 0.02147715352475643, 0.0062735117971897125, -0.05310044065117836, 0.04514554515480995, 0.0024556578136980534, 0.020629705861210823, -0.0010871617123484612, -0.00033018880640156567, 0.034096818417310715, -0.018307695165276527, 0.007461177185177803, -0.003083940129727125, -0.027288861572742462, 0.0026897918432950974, -0.006717394571751356, -0.021235337480902672, -0.006136192474514246, 0.0018436686368659139, -0.012007790617644787, 0.023842955008149147, 0.04401035234332085, -0.007843619212508202, 0.02688530832529068, -0.013553310185670853, 0.0011955254012718797, -0.01188579760491848, 0.0026341029442846775, -0.035873893648386, -0.02211153320968151, -0.004172105807811022, 0.009840065613389015, 0.027839364483952522, -0.019528862088918686, 0.0017801175126805902]",6
"Sometimes word prediction doesn't show up. Have to exit out of keyboard then get back on again for it to appear.
",1,206,"[0.15365256369113922, -0.2288418561220169, 0.02794216200709343, -0.2884289622306824, 0.017127616330981255, 0.27934715151786804, 0.016473928466439247, -0.0372622050344944, -0.12034544348716736, 0.023577339947223663, 0.08185801655054092, -0.02670067735016346, -0.0020427461713552475, 0.027668626978993416, 0.08261134475469589, 0.09207391738891602, 0.044325247406959534, -0.08942648023366928, -0.12097261101007462, 0.0041059041395783424, -0.009681547991931438, -0.01752878725528717, -0.025262650102376938, -0.04882510378956795, 0.06092038378119469, 0.04879580810666084, -0.011367122642695904, 0.00725106056779623, 0.03627069666981697, 0.04705236107110977, -0.05828976631164551, 0.05680929496884346, -0.08073471486568451, 0.0015645199455320835, 0.017845407128334045, -0.06558449566364288, 0.061954937875270844, -0.0775763988494873, -0.09891725331544876, 0.021029938012361526, -0.07475712895393372, 0.01958518847823143, 0.027916867285966873, 0.08905491977930069, 0.05679311230778694, 0.022693395614624023, -0.033942315727472305, 0.05017184093594551, -0.016488362103700638, -0.05288637802004814, -0.05579439923167229, 0.014479192905128002, -0.009721966460347176, 0.01805856265127659, 0.03257491812109947, 0.0012932909885421395, 0.011654330417513847, -0.04876484349370003, 0.040702518075704575, -0.021691765636205673, 0.027024922892451286, -0.01823699101805687, 0.0032460626680403948, 0.0060865990817546844, 0.06905300915241241, -0.02492668479681015, -0.0002575428516138345, -0.008755462244153023, 0.007811430841684341, 0.0036103094462305307, 0.014810250140726566, 0.003828625660389662, 0.044468954205513, 0.06307341158390045, 0.03487912565469742, 0.027314815670251846, 0.021114954724907875, 0.012922964990139008, 0.005072462372481823, -0.024515798315405846, -0.001747581292875111, 0.012220783159136772, 0.031585317105054855, -0.0035807695239782333, -0.04764636978507042, 0.03442879021167755, -0.024142727255821228, 0.016115332022309303, 0.021288443356752396, -0.032381169497966766, 0.026159046217799187, -0.014163817279040813, 0.0019008920062333345, 0.01343954261392355, 0.0038419621996581554, -0.010434676893055439, 0.01616036146879196, -0.021123070269823074, -0.012973539531230927, -0.039811793714761734]",6
"Predictions and double space bar to accept predictions and insert period are not longer available in browsers and many other apps.
",1,251,"[0.13801121711730957, -0.19798441231250763, -0.1353233903646469, -0.10122209042310715, 0.14189413189888, 0.48753148317337036, -0.03905237093567848, 0.08967527002096176, -0.008196590468287468, -0.08876878768205643, 0.016074975952506065, -0.08300509303808212, -0.03146938234567642, -0.051183223724365234, 0.02812568098306656, 0.028864875435829163, 0.029042242094874382, -0.0008789024432189763, 0.06503394991159439, -0.02555273286998272, -0.04791230708360672, 0.03315560519695282, 0.009396178647875786, -0.06388521939516068, 0.055717844516038895, 0.01804652437567711, -0.011887474916875362, 0.008157690055668354, -0.05149836093187332, 0.044529028236866, -0.09871575236320496, -0.013310364447534084, -0.03322426974773407, -0.007916375063359737, 0.028203701600432396, 0.002725476399064064, 0.07721762359142303, 0.02824990451335907, 9.852754737948999e-05, -0.010405514389276505, -0.016043659299612045, 0.006828831043094397, -0.022757161408662796, 0.03628266602754593, -0.0025143963284790516, 0.0030571045354008675, 0.06729014217853546, -0.03223591670393944, 0.0016139638610184193, -0.024389440193772316, 0.048811670392751694, -0.03504352271556854, 0.011018422432243824, -0.041780345141887665, -0.030749572440981865, 0.02445616014301777, -0.01637032814323902, -0.005561550613492727, 0.01602947525680065, 0.06044171378016472, -0.024165373295545578, -0.003018134506419301, -0.01444332581013441, -0.0188223235309124, 0.004287887830287218, 0.0348801426589489, 0.003848794847726822, 0.029562989249825478, -0.016969075426459312, 0.017963986843824387, 0.014995181001722813, 0.04071812704205513, 0.014940478838980198, -0.0215974822640419, -0.05064123123884201, -0.011349574662744999, -0.003834811272099614, 0.006916599813848734, 0.0046399375423789024, 0.019151654094457626, -0.002791640115901828, 0.013099023140966892, -0.0017459489172324538, -0.00027087394846603274, 0.01389285922050476, 0.038934964686632156, 0.03106677159667015, 0.015156788751482964, 0.0029216420371085405, -0.03451453521847725, 0.009488597512245178, 0.022771991789340973, 0.005936319008469582, -0.01775689795613289, -0.03766225650906563, -0.010570807382464409, 0.0004755953559651971, 0.002378517761826515, 0.028112750500440598, -0.032887522131204605]",6
"Prediction will sometimes turn off when I sleep the phone.
",1,253,"[0.157444566488266, -0.20734654366970062, -0.24420732259750366, -0.1659388542175293, -0.0736754760146141, 0.4828299582004547, 0.0002752940927166492, -0.10939349234104156, 0.03971962630748749, 0.07640166580677032, -0.05019696429371834, -0.12761588394641876, -0.04058245196938515, 0.06945578008890152, 0.10779856890439987, 0.0012704875553026795, 0.1959507167339325, -0.10033837705850601, 0.0127114811912179, 0.04183965176343918, 0.014899670146405697, 0.020454702898859978, -0.10108064860105515, -0.06719193607568741, 0.024258941411972046, -0.004556747153401375, -0.010138199664652348, -0.030248375609517097, -0.0365389809012413, 0.030347703024744987, -0.07676568627357483, -0.026682721450924873, 0.0487545020878315, 0.062479350715875626, -0.02599254436790943, -0.027615446597337723, 0.018801629543304443, 0.029888305813074112, 0.0036250725388526917, 0.007490435149520636, 0.01894237846136093, 0.060349252074956894, 0.013961879536509514, 0.04152415692806244, -0.001881941338069737, -0.0017190240323543549, 0.017483947798609734, 0.02135474607348442, 0.036890629678964615, 0.009359179995954037, -0.008018341846764088, -0.030715227127075195, 0.02065110206604004, 0.0052059367299079895, -0.0269132349640131, 0.006403690669685602, 0.007960544899106026, 0.02027510106563568, 0.029935825616121292, 0.01760701835155487, 0.018531978130340576, -0.007658741436898708, 0.0222768597304821, -0.017028775066137314, 0.02120683342218399, 0.043407779186964035, 0.0092604486271739, 0.0717649981379509, -0.04729829728603363, 0.07432228326797485, -0.008784472942352295, -0.004883938003331423, 0.005627666600048542, -0.028541820123791695, 0.02965964749455452, 0.02296338602900505, 0.027162548154592514, 0.0011830622097477317, -0.05391329526901245, 0.008672146126627922, 0.01571401208639145, -0.011535879224538803, -0.02091515064239502, -0.020035360008478165, -0.012624518014490604, -0.01659073494374752, -0.015302265994250774, 0.03321375697851181, 0.051905401051044464, -0.008400741964578629, 0.01368692610412836, 0.007570535410195589, 0.03343645855784416, -0.015058871358633041, -0.04018621891736984, 0.01494455523788929, -0.012756066396832466, 0.040906451642513275, -0.0169963538646698, -0.010266086086630821]",6
"Now, occasionally the text predictions won't come up AT ALL and it seems like words are being put in that I NEVER was attempting to write.
",1,327,"[0.2305232435464859, -0.229532852768898, -0.18888261914253235, -0.1853712797164917, -0.031210461631417274, 0.35469743609428406, -0.04230814427137375, -0.08414143323898315, -0.027448441833257675, -0.003905104473233223, 0.17556968331336975, -0.05019821971654892, -0.04904237389564514, -0.04887748509645462, 0.016205187886953354, 0.022802328690886497, 0.03926756605505943, -0.08352357894182205, 0.037879519164562225, 0.04192012920975685, 0.02961227484047413, 0.019845398142933846, 0.04357379674911499, -0.048800401389598846, 0.08099273592233658, -0.039730943739414215, 0.0019956249743700027, -0.06856279075145721, -0.02993733249604702, -0.04145370051264763, -0.06462395191192627, -0.025493914261460304, 0.043394122272729874, -0.015864066779613495, 0.026319511234760284, -0.03891607001423836, -0.0008332426659762859, 0.020014990121126175, -0.08713246881961823, -0.038237038999795914, -0.05003291741013527, 0.01832103729248047, -0.021402377635240555, -0.04064829647541046, 0.013735388405621052, -0.028800249099731445, 0.002888110000640154, -0.05050725117325783, 0.0013326454209163785, 0.028915012255311012, -0.03025616519153118, 0.03298663720488548, 0.02632165513932705, -0.034739818423986435, 0.03903289884328842, 0.03711270913481712, 0.002222607610747218, -0.024482883512973785, 0.01441700104624033, -0.012147819623351097, 0.035481441766023636, -0.024884892627596855, -0.04031093046069145, -0.04166329279541969, 0.005707469768822193, 0.03369557484984398, -0.02762223407626152, 0.0037212057504802942, -0.006303597241640091, -0.034893568605184555, 0.00408239895477891, -0.01836203970015049, -0.01344388909637928, 0.014200280420482159, -0.00907912664115429, 0.0002800247457344085, -0.023616360500454903, 0.0013983588432893157, -0.030740955844521523, -0.016601664945483208, -0.030060170218348503, 0.017489872872829437, 0.03171730414032936, -0.03388543426990509, 0.021168233826756477, 0.004057800397276878, -0.007648807018995285, -0.015920767560601234, -0.016907069832086563, 0.024928895756602287, -0.020870987325906754, 0.0037620067596435547, -0.03618878498673439, 0.04979972913861275, 0.03132683038711548, 0.010688346810638905, -0.020549478009343147, 0.010320601984858513, -0.015630990266799927, -0.0014727803645655513]",6
"I press and hold the prediction, and there is no option to delete! It's really annoying because common typos then become predictions
",1,445,"[0.05349196121096611, -0.16447961330413818, -0.13585525751113892, -0.13978798687458038, 0.12702105939388275, 0.33947038650512695, -0.010264812037348747, -0.028258206322789192, 0.10167080909013748, -0.03620759770274162, 0.16664139926433563, -0.041204024106264114, 0.04455810785293579, 0.029073432087898254, 0.11189394444227219, -0.06561875343322754, 0.0359315350651741, 0.025820082053542137, 0.04933180287480354, 0.04348659887909889, 0.012200654484331608, 0.0034147596452385187, -0.04061899706721306, 0.03733779862523079, 0.037137411534786224, -0.06460101902484894, 0.04369127005338669, 0.008044641464948654, -0.01616055704653263, -0.009640407748520374, -0.057059839367866516, 0.030549263581633568, -0.02171812579035759, 0.029374752193689346, 0.02020159177482128, -0.02696603164076805, 0.00215110182762146, 0.012787174433469772, -0.0026275685522705317, -0.026148350909352303, -0.03390321508049965, 0.004729393869638443, 0.013369059190154076, 0.005764872767031193, 0.039686232805252075, -0.03438045084476471, 0.034956954419612885, -0.021196739748120308, 0.05954921990633011, -0.032175350934267044, 0.04468698799610138, -0.04318257421255112, 0.024661248549818993, -0.007584850769490004, -0.0003203095111530274, -0.032184403389692307, 0.024839498102664948, 0.037536125630140305, -0.08935095369815826, 0.03448662906885147, -0.006778503768146038, -0.01161931362003088, 0.011104024015367031, -0.020245609804987907, -0.032784055918455124, -0.03162779659032822, -0.0122777558863163, -0.027430733665823936, -0.025040842592716217, -0.02643602155148983, 0.008833357132971287, 0.015507127158343792, -0.04584618657827377, -0.0126743633300066, 0.0004262733564246446, -0.03157984837889671, -0.03797602280974388, -0.03367432579398155, -0.06174582988023758, 0.015614415518939495, -0.001284043537452817, 0.0021780282258987427, 0.010156337171792984, 0.014523396268486977, -0.05741635710000992, -0.031183773651719093, 0.06751208007335663, 0.03296254202723503, 0.010292683728039265, 0.002096218755468726, -0.03229237347841263, -0.01961776241660118, -0.03291516751050949, 0.025627054274082184, 0.02240763232111931, -0.01692291349172592, -0.0003886081976816058, -0.013658369891345501, -0.0003319451352581382, 0.02429298125207424]",6
"The Predictions row gets turned off each time I wake the screen if the keyboard was open when the screen goes to sleep.
",1,456,"[0.10102784633636475, -0.16700375080108643, -0.2143598347902298, -0.1568581759929657, -0.08603181689977646, 0.4800930917263031, -0.05499110743403435, -0.05461214855313301, 0.0160799790173769, -0.12936381995677948, 0.05511830002069473, -0.12985718250274658, 0.043894875794649124, 0.04422714561223984, 0.1562548577785492, -0.05068343132734299, 0.1006876602768898, 0.041052594780921936, 0.04479186609387398, -0.026089172810316086, -0.031139317899942398, 0.00046386176836676896, -0.05142601579427719, 0.020090026780962944, 0.02525004930794239, 0.02939276210963726, 0.0573185533285141, 0.0069359284825623035, -0.02462216652929783, 0.030077381059527397, -0.03806022182106972, -0.0427699014544487, -0.07219908386468887, 0.0018971047829836607, 0.0267968587577343, 0.029484599828720093, 0.015512148849666119, -0.022058354690670967, 0.00294505269266665, 0.007762628141790628, -0.0011489334283396602, 0.04313626140356064, 0.020956138148903847, 0.001091441255994141, 0.017909422516822815, 0.05831381306052208, -0.016155190765857697, -0.019874652847647667, -0.01960078440606594, -0.0037714275531470776, -0.006381816230714321, -0.010753299109637737, -0.03093569539487362, -0.008337225764989853, -0.021989963948726654, -0.010253755375742912, -0.04039773344993591, -0.010184524580836296, -0.05027686804533005, 0.018911082297563553, 0.043748848140239716, -0.006056696176528931, -0.026153400540351868, 0.010723242536187172, 0.0130560752004385, 0.025603273883461952, -0.015239491127431393, 0.015610281378030777, -0.015283886343240738, 0.034267764538526535, 0.0008920695399865508, -0.017869628965854645, -0.018775634467601776, 0.03123531863093376, -0.014313815161585808, -0.015579680912196636, 0.038656655699014664, 0.008274116553366184, -0.026914101094007492, -0.02987123653292656, -0.0050536831840872765, -0.015507783740758896, -0.009166683070361614, -0.004230203106999397, -0.005574529990553856, -0.0038620224222540855, -0.0394415408372879, -0.017574084922671318, -0.005816861055791378, 0.011037087999284267, -0.017306912690401077, 0.03288864344358444, 0.030177941545844078, 0.01711937226355076, -0.010409974493086338, 0.027019619941711426, -0.027056286111474037, -0.01699806936085224, 0.05573860928416252, -0.01143947895616293]",6
"If I close the keyboard and reopen, predictions come back.
",1,457,"[0.03972103074193001, -0.10700615495443344, -0.1701112538576126, -0.23229172825813293, -0.04311404749751091, 0.3190627694129944, -0.05573875084519386, -0.08313658088445663, 0.01631990261375904, -0.05234420299530029, 0.1124061718583107, -0.0638982504606247, -0.036808233708143234, 0.07457784563302994, 0.12610435485839844, -0.08250249922275543, 0.08848000317811966, -0.05195069685578346, 0.0027394990902394056, -0.029023263603448868, 0.04897835850715637, 0.04092050716280937, -0.059581827372312546, 0.10294529795646667, 0.0509088933467865, 0.0077269538305699825, -0.02868754044175148, -0.08138382434844971, -0.006636952515691519, -0.024591755121946335, -0.03150608390569687, 0.008349993266165257, -0.0024090830702334642, -3.457109414739534e-05, 0.0059195696376264095, -0.02851567044854164, 0.006873110309243202, -0.003574905451387167, -0.009911887347698212, -0.012880964204668999, -0.021647997200489044, 0.003199453931301832, -0.009079073555767536, 0.011835966259241104, 0.05960232391953468, -0.02151007018983364, -0.038647741079330444, -0.04704396426677704, 0.006895555183291435, 0.03022710047662258, 0.007197960279881954, -0.056545764207839966, -0.032628558576107025, -0.023507989943027496, 0.0193888321518898, -0.027600562199950218, -0.0262046679854393, -0.015590614639222622, -0.05923652648925781, 0.003230625530704856, -0.008685947395861149, 0.01753232255578041, -0.00733172707259655, -0.008278841152787209, -0.03179696574807167, 0.0017869099974632263, -0.022766215726733208, -0.0028066576924175024, 0.04045232757925987, -0.007966386154294014, 0.02825547195971012, -0.027572501450777054, -0.014419670216739178, -0.0026179635897278786, -0.050742264837026596, -0.02396347187459469, 0.04496322199702263, 0.02215154469013214, -0.015772119164466858, -0.009369923733174801, -0.032994888722896576, -0.016484901309013367, -0.013703398406505585, 0.009527106769382954, 0.03303413465619087, -0.06038727983832359, -0.04823806509375572, -0.039890289306640625, 0.008990002796053886, 0.011139082722365856, -0.016734637320041656, -0.006781319621950388, -0.008464309386909008, 0.010327816940844059, -0.0306310523301363, 0.021364722400903702, 0.03157167136669159, 0.010209891013801098, 0.01298769935965538, -0.023942314088344574]",6
"The predictions don't show up and it won't auto correct my words.
",1,494,"[0.2083035409450531, -0.2512476146221161, -0.1892218291759491, -0.1315459907054901, -0.07507569342851639, 0.5173580050468445, -0.006425367668271065, -0.08306597918272018, -0.0005064642173238099, -0.10279902815818787, 0.10478567332029343, -0.023523109033703804, 0.05984017997980118, 0.01662006787955761, 0.09412772208452225, 0.023135600611567497, 0.12895983457565308, 0.01545049250125885, 0.05177495256066322, 0.012507220730185509, 0.0276810210198164, -0.01594356633722782, -0.008449570275843143, -0.04871615767478943, 0.010790509171783924, 0.047672808170318604, 0.04737093672156334, -0.0261398833245039, 0.02302771992981434, -0.017753368243575096, -0.0792122408747673, -0.024027273058891296, -0.003118332242593169, 0.0374431312084198, 0.037211425602436066, 0.018581949174404144, -0.030097417533397675, 0.055197667330503464, -0.03125616908073425, -0.0017228496726602316, 0.025673307478427887, 0.06998719274997711, -0.04521264135837555, 0.03941040858626366, 0.013370173051953316, -0.011433073319494724, -0.01765659637749195, -0.06422727555036545, 0.016407877206802368, -0.0150223970413208, -0.0007406263612210751, 0.0022264989092946053, -0.017704332247376442, -0.05431458353996277, 0.02731284126639366, -0.009008152410387993, -0.015169873833656311, -0.022616742178797722, 0.01602315343916416, 0.0007470836862921715, 0.07118114084005356, 0.0458105206489563, -0.0035060946829617023, -0.03372971713542938, 0.0025627720169723034, 0.0011676386930048466, -0.013969100080430508, -0.00643898406997323, -0.03562391921877861, 0.014417309314012527, 0.05435416102409363, 0.01177735161036253, -0.07991251349449158, -0.04477447271347046, 0.028533445671200752, 0.014309137128293514, -0.012209735810756683, -0.008648856543004513, -0.08568360656499863, 0.004980932921171188, 0.009422777220606804, -0.017120689153671265, -0.000963913626037538, -0.0028273742645978928, 0.007306229323148727, -0.005267065484076738, -0.020635005086660385, -0.017508985474705696, 0.008869672194123268, 0.02353244461119175, -0.003413937985897064, 0.0029680842999368906, -0.010184885933995247, 0.0244893878698349, -0.008411305025219917, 0.019865551963448524, -0.010545143857598305, 0.01132979616522789, 0.007287517189979553, -0.06949938833713531]",6
"Prediction and ai learning how you type stopped working!
",1,582,"[0.09719793498516083, -0.23792432248592377, -0.148841992020607, -0.12058883905410767, 0.018757496029138565, 0.4717251658439636, -0.026702722534537315, 0.006953072734177113, -0.06946921348571777, -0.023388387635350227, 0.017036722972989082, -0.08813554793596268, -0.06487911194562912, 0.0691135972738266, 0.11169330030679703, -0.0008872850448824465, 0.019192950800061226, -0.1039198637008667, 0.031512562185525894, 0.05209948867559433, 0.07206819951534271, 0.016773074865341187, 0.02613919973373413, -0.01012386940419674, -0.02545792981982231, 0.02335836924612522, -0.04293132573366165, -0.047963254153728485, -0.01512102596461773, -0.01746363751590252, 0.018405746668577194, 0.0020450681913644075, 0.07060841470956802, -0.0111500583589077, 0.013575529679656029, -0.056203361600637436, 0.0008606440969742835, -0.07019021362066269, 0.06488270312547684, -0.016631539911031723, 0.056534674018621445, 0.007779635488986969, -0.06768332421779633, 0.020313261076807976, -0.06443575024604797, 0.029184792190790176, 0.00878818053752184, 0.006867567077279091, 0.042544711381196976, 0.0033298013731837273, 0.015486127696931362, 0.03192638233304024, 0.02520788088440895, 0.02998061291873455, -0.0677712932229042, -0.004746053833514452, 0.051181767135858536, 0.015702273696660995, -0.029264014214277267, 0.042871687561273575, -0.0007867325330153108, -0.003985545132309198, 0.010015868581831455, -0.023014837875962257, 0.03541618585586548, 0.01950140669941902, -0.0019430959364399314, 0.0243072547018528, -0.04155312851071358, 0.043540529906749725, 0.03237266466021538, 0.0025035522412508726, -0.0018540831515565515, -0.030083319172263145, 0.00936168897897005, -0.005210181698203087, 0.011606244370341301, 0.03286180645227432, -0.0323358029127121, -0.012206406332552433, 0.03949831426143646, -0.02240329049527645, -0.016711577773094177, -0.025546718388795853, 0.006738876923918724, 0.00880679115653038, 0.05564473941922188, 0.0075843152590096, 0.06267484277486801, 0.01672007516026497, -0.013595985248684883, -0.013091024942696095, 0.025880156084895134, -0.051898293197155, -0.01667253114283085, -0.01865675114095211, 0.01355601754039526, 0.043924327939748764, -0.033927273005247116, 0.008724784478545189]",6
"Now the prediction is based just on recent writing, if I go back to continue a bit older texts with special terminology I realize that all the power of prediction is gone, have to learn it again from zero..
",1,732,"[0.24997268617153168, -0.2882177233695984, -0.0914008840918541, -0.2304035872220993, -0.12610509991645813, 0.46532702445983887, -0.04430614784359932, -0.08535752445459366, -0.03360417112708092, -0.08160192519426346, 0.040298398584127426, -0.02893742546439171, -0.017158927395939827, 0.016528433188796043, -0.015685584396123886, 0.06870146095752716, 0.07233644276857376, -0.04461551457643509, 0.014688419178128242, -7.507649570470676e-06, 0.005177139770239592, 0.03557184711098671, 0.010453829541802406, 0.01886920817196369, -0.03567647561430931, -0.08491211384534836, -0.0005205055931583047, -0.06751453131437302, -0.060572508722543716, 0.0010892590507864952, -0.03311270475387573, 0.011059834621846676, 0.13393718004226685, -0.013259404338896275, 0.06275510787963867, -0.04498704895377159, 0.0005012690671719611, 0.02329428493976593, 0.009265100583434105, -0.032793883234262466, -0.04527102783322334, 0.019966160878539085, -0.06400777399539948, -0.003252672031521797, -0.03161805495619774, -0.04089808464050293, 0.008533602580428123, -0.03172255679965019, -0.01734689436852932, 0.02924852818250656, 0.02093387022614479, -0.008962150663137436, -0.016160164028406143, 0.006366044748574495, -0.03617272153496742, 0.03650883212685585, -0.0030943939927965403, 0.012598348781466484, 0.0009004280436784029, -0.003740733489394188, 0.00711414311081171, -0.025690549984574318, 0.01553049124777317, -0.05423610284924507, 0.023983478546142578, 0.024232331663370132, 0.012950362637639046, -0.005221011117100716, -0.02950470894575119, 0.00027531824889592826, -0.02294682338833809, 0.05746117979288101, 0.01653040014207363, 0.03332757204771042, 0.012501883320510387, -0.004787018056958914, -0.034200649708509445, -0.007929977960884571, 0.045335832983255386, -0.00982995517551899, 0.004083441104739904, 0.006897153798490763, 0.005537387914955616, -0.021753201261162758, -0.04519125074148178, 0.023765159770846367, -0.038559623062610626, -0.019859956577420235, 0.030869020149111748, -0.00032347399974241853, 0.00687715457752347, 0.029152212664484978, -0.006362159736454487, -0.003030532505363226, -0.012843327596783638, 0.011652427725493908, -0.002795821288600564, 0.006774798035621643, -0.03746524080634117, 0.01593017578125]",6
"And now it's failing to show the predictive word bar.
",1,826,"[0.05092666670680046, -0.21026675403118134, -0.031323257833719254, -0.12778112292289734, 0.04590321704745293, 0.17748984694480896, 0.03112381137907505, 0.06299164891242981, -0.03571192920207977, -0.03725268319249153, 0.17347151041030884, -0.0050508975982666016, 0.04665713757276535, -0.08027786016464233, -0.031157786026597023, 0.009618344716727734, -0.02858429215848446, -0.09139523655176163, 0.002147768856957555, 0.018796412274241447, 0.025027945637702942, 0.1116507425904274, 0.032368987798690796, 0.04609314724802971, 0.055070869624614716, 0.0014314338332042098, 0.021411342546343803, -0.018836352974176407, 0.0003353467327542603, 0.002610448282212019, -0.08924366533756256, 0.03632020950317383, 0.060081735253334045, -0.04402368888258934, -0.005948001053184271, -0.008883282542228699, 0.011272983625531197, -0.013678241521120071, -0.05393065884709358, -0.08407458662986755, -0.0670783594250679, -0.05201846361160278, 0.042253464460372925, 0.0289776548743248, 0.051179222762584686, 0.07652956247329712, -0.027201592922210693, 0.0845617726445198, -0.02113988809287548, 0.034587033092975616, -0.008626669645309448, 0.022330328822135925, 0.009080672636628151, -0.01237166952341795, -0.012432186864316463, 0.016747253015637398, 0.012515773065388203, -0.06124788522720337, 0.011211404576897621, -0.015310578979551792, -0.007030235603451729, -0.005539324134588242, -0.04864794760942459, 0.01480228453874588, 0.0005897660157643259, 0.03146639093756676, 0.0018980439053848386, -0.0397205613553524, 0.014650676399469376, -0.03631719946861267, 0.03571590408682823, -0.015201928094029427, 0.0388382226228714, 0.03154263272881508, -0.016277719289064407, -0.051132798194885254, 0.026200303807854652, -0.027324752882122993, 0.03919690102338791, -0.009379676543176174, -0.01724742166697979, 0.003793286392465234, 0.013296240009367466, 0.010410178452730179, -0.020803432911634445, 0.007111243903636932, -0.002348965732380748, -0.01692093163728714, -0.06079407408833504, -0.029900727793574333, 0.015711555257439613, 0.0039094616658985615, -0.0328654907643795, 0.003294834168627858, 0.0064728823490440845, -0.005110869649797678, 0.027843764051795006, -0.012671593576669693, 0.03721886873245239, 0.05226800590753555]",6
"when set to insert a prediction, will insert a random word whenever I use punctuation and then space.
",1,875,"[0.06535854935646057, -0.24789905548095703, -0.060315001755952835, -0.2283453494310379, 0.06459145992994308, 0.22599707543849945, 0.008860714733600616, 0.045624133199453354, 0.011478802189230919, -0.07473177462816238, 0.14811326563358307, -0.1350596696138382, 0.015469931997358799, 0.05142417177557945, -0.006700559519231319, 0.041727252304553986, 0.04128207638859749, -0.021922770887613297, -0.034165844321250916, -0.003931259736418724, -0.01511625200510025, 0.06254561990499496, -0.033471979200839996, 0.022752664983272552, 0.05404016003012657, 0.07381080836057663, 0.09214498102664948, -0.08105501532554626, 0.030448419973254204, 0.0068238102830946445, -0.015367918647825718, 0.011038713157176971, 0.009806818328797817, -0.004991525784134865, -0.026419613510370255, 0.016770992428064346, 0.07752079516649246, -0.009639549069106579, -0.049804992973804474, 0.01093276496976614, 0.0600733645260334, 0.02919131889939308, -0.004683117847889662, 0.01673227548599243, 0.08203134685754776, 0.0032992970664054155, 0.0020448926370590925, 0.013070826418697834, 0.00016213396156672388, -0.03695134073495865, -0.0034752797801047564, -0.018882296979427338, 0.020434200763702393, 0.009924119338393211, -0.011727117002010345, 0.02421596460044384, -0.07923627644777298, 0.015186023898422718, 0.004450114909559488, -0.009333360008895397, -0.0012183121871203184, -0.004179757554084063, 0.007876538671553135, 0.004650874063372612, -0.009645028971135616, 0.01432595495134592, -0.013632101938128471, -0.0030530209187418222, 0.018321413546800613, -0.03230828419327736, 0.0025598485954105854, -0.0007106116390787065, 0.01599092222750187, 0.030084455385804176, -0.01259420532733202, 0.024309376254677773, 0.03762604296207428, 0.010699842125177383, 0.0036809085868299007, 0.058699898421764374, 0.05055852234363556, 0.01948053576052189, -0.03974653780460358, -0.003153916448354721, -0.007847612723708153, 0.0009465411421842873, 0.014143383130431175, 0.02721056528389454, 0.02374255657196045, -0.03825582191348076, 0.001150332624092698, -0.007268816232681274, 0.006316640879958868, 0.026393670588731766, 0.010492825880646706, 0.026330335065722466, 0.0001862125936895609, -0.004790862090885639, 0.02642671763896942, 0.0028744989540427923]",6